2026-08-03 20:50:23.239255,Helmet Missing
2026-08-03 21:18:57.822070,🚨 Helmet Missing!
2026-08-03 21:40:49.835707,🚨 Helmet Missing!
2026-08-03 21:43:19.515296,🚨 Helmet Missing!
2026-09-08 19:37:23.307316,"🚨 PPE Missing: Helmet
⚠️ Safety Risk: Medium"
2026-09-15 20:58:28.446481,"🚨 PPE Missing: Safety Shoes
⚠️ Safety Risk: Low"
2026-09-15 21:31:16.621553,"Worker 1: 🚨 PPE Missing: Safety Shoes
⚠️ Safety Risk: Low"
2026-09-15 21:31:28.936002,"Worker 2: 🚨 PPE Missing: Safety Shoes
⚠️ Safety Risk: Low"
2026-09-15 21:31:38.342149,"Worker 3: 🚨 PPE Missing: Safety Shoes
⚠️ Safety Risk: Low"
2026-09-15 21:40:45.804009,"Worker 1: 🚨 PPE Missing: Safety Shoes
⚠️ Safety Risk: Low"
2026-09-15 21:40:54.592060,"Worker 2: 🚨 PPE Missing: Safety Shoes
⚠️ Safety Risk: Low"
2026-09-15 21:41:03.651430,"Worker 3: 🚨 PPE Missing: Safety Shoes
⚠️ Safety Risk: Low"
2026-09-15 22:14:13.158421,"Video - Worker 1: 🚨 PPE Missing: Gloves, Safety Shoes
⚠️ Safety Risk: Low"
2026-09-15 22:14:16.784897,"Video - Worker 2: 🚨 PPE Missing: Gloves, Safety Shoes
⚠️ Safety Risk: Low"
2026-09-15 22:14:27.151315,"Video - Worker 1: 🚨 PPE Missing: Gloves, Safety Shoes
⚠️ Safety Risk: Low"
2026-09-15 22:14:30.757647,"Video - Worker 2: 🚨 PPE Missing: Gloves, Safety Shoes
⚠️ Safety Risk: Low"
2026-09-15 22:14:40.084868,"Video - Worker 1: 🚨 PPE Missing: Gloves, Safety Shoes
⚠️ Safety Risk: Low"
2026-09-15 22:14:43.514502,"Video - Worker 2: 🚨 PPE Missing: Gloves, Safety Shoes
⚠️ Safety Risk: Low"
2026-09-15 22:14:52.620052,"Video - Worker 1: 🚨 PPE Missing: Gloves, Safety Shoes
⚠️ Safety Risk: Low"
2026-09-15 22:14:56.197731,"Video - Worker 2: 🚨 PPE Missing: Gloves, Safety Shoes
⚠️ Safety Risk: Low"
2026-09-15 22:15:05.237637,"Video - Worker 1: 🚨 PPE Missing: Gloves, Safety Shoes
⚠️ Safety Risk: Low"
2026-09-15 22:15:08.642235,"Video - Worker 2: 🚨 PPE Missing: Gloves, Safety Shoes
⚠️ Safety Risk: Low"
2026-09-15 22:15:17.783689,"Video - Worker 1: 🚨 PPE Missing: Gloves, Safety Shoes
⚠️ Safety Risk: Low"
2026-09-15 22:15:21.103974,"Video - Worker 2: 🚨 PPE Missing: Gloves, Safety Shoes
⚠️ Safety Risk: Low"
2026-09-15 22:15:30.013446,"Video - Worker 1: 🚨 PPE Missing: Gloves, Safety Shoes
⚠️ Safety Risk: Low"
2026-09-15 22:15:33.703529,"Video - Worker 2: 🚨 PPE Missing: Gloves, Safety Shoes
⚠️ Safety Risk: Low"
2026-09-15 22:15:43.543334,"Video - Worker 1: 🚨 PPE Missing: Gloves, Safety Shoes
⚠️ Safety Risk: Low"
2026-09-15 22:15:47.567393,"Video - Worker 2: 🚨 PPE Missing: Gloves, Safety Shoes
⚠️ Safety Risk: Low"
2026-09-15 22:15:56.624986,"Video - Worker 1: 🚨 PPE Missing: Gloves, Safety Shoes
⚠️ Safety Risk: Low"
2026-09-15 22:16:00.104974,"Video - Worker 2: 🚨 PPE Missing: Gloves, Safety Shoes
⚠️ Safety Risk: Low"
2026-09-15 22:16:09.554033,"Video - Worker 1: 🚨 PPE Missing: Gloves, Safety Shoes
⚠️ Safety Risk: Low"
2026-09-15 22:16:13.042480,"Video - Worker 2: 🚨 PPE Missing: Gloves, Safety Shoes
⚠️ Safety Risk: Low"
2026-09-15 22:16:22.355859,"Video - Worker 1: 🚨 PPE Missing: Gloves, Safety Shoes
⚠️ Safety Risk: Low"
2026-09-15 22:16:26.099520,"Video - Worker 2: 🚨 PPE Missing: Gloves, Safety Shoes
⚠️ Safety Risk: Low"
2026-09-15 22:16:35.978558,"Video - Worker 1: 🚨 PPE Missing: Gloves, Safety Shoes
⚠️ Safety Risk: Low"
2026-09-15 22:16:39.730287,"Video - Worker 2: 🚨 PPE Missing: Gloves, Safety Shoes
⚠️ Safety Risk: Low"
2026-09-15 22:16:45.053125,"Video - Worker 1: 🚨 PPE Missing: Gloves, Safety Shoes
⚠️ Safety Risk: Low"
2026-09-15 22:16:48.374735,"Video - Worker 2: 🚨 PPE Missing: Gloves, Safety Shoes
⚠️ Safety Risk: Low"
2026-09-15 22:20:36.997665,"Video Alert: Worker 1: Missing Gloves, Safety Shoes | Risk: Low"
2026-09-15 22:20:36.999658,"Video Alert: Worker 2: Missing Gloves, Safety Shoes | Risk: Low"
2026-09-15 22:34:07.613213,"Worker 1: 🚨 PPE Missing: Safety Shoes
⚠️ Safety Risk: Low"
2026-09-15 22:34:16.011775,"Worker 2: 🚨 PPE Missing: Safety Shoes
⚠️ Safety Risk: Low"
2026-09-15 22:34:24.169483,"Worker 3: 🚨 PPE Missing: Safety Shoes
⚠️ Safety Risk: Low"
2026-09-15 22:35:01.038875,"Video Alert: Worker 1: Missing Gloves, Safety Shoes | Risk: Low"
2026-09-15 22:35:01.040925,"Video Alert: Worker 2: Missing Gloves, Safety Shoes | Risk: Low"
